morpheme,occurrence,type
un,10677,prefix
non,9354,prefix
anti,3278,prefix
re,3076,prefix
pre,2529,prefix
sub,2241,prefix
micro,2025,neoclassical
over,1980,prefix
multi,1750,neoclassical
inter,1599,neoclassical
de,1597,prefix
super,1573,prefix
hyper,1512,neoclassical
in,1372,prefix
post,1370,neoclassical
bio,1264,prefix
co,1132,prefix
under,1079,prefix
pseudo,1072,prefix
mis,1055,prefix
semi,976,neoclassical
photo,933,neoclassical
intra,931,neoclassical
a,890,prefix
mono,884,neoclassical
poly,859,neoclassical
bi,798,prefix
auto,795,prefix
be,779,prefix
nano,772,neoclassical
neuro,769,neoclassical
di,739,neoclassical
para,693,neoclassical
dis,660,neoclassical
trans,654,neoclassical
out,640,prefix
immuno,621,neoclassical
tri,615,neoclassical
meta,607,neoclassical
iso,585,neoclassical
macro,574,neoclassical
pro,556,prefix
counter,555,prefix
hypo,539,neoclassical
peri,523,prefix
electro,504,prefix
cyber,498,prefix
neo,478,prefix
extra,459,prefix
fore,436,prefix
ultra,433,prefix
self,428,
radio,427,
mid,419,neoclassical
endo,415,neoclassical
mega,398,neoclassical
tele,379,neoclassical
hydro,370,neoclassical
hetero,368,neoclassical
paleo,360,neoclassical
supra,345,neoclassical
geo,339,neoclassical
proto,336,neoclassical
mini,329,prefix
en,322,prefix
thermo,315,neoclassical
hemi,288,neoclassical
e,287,prefix
homo,286,neoclassical
tetra,285,neoclassical
retro,280,neoclassical
cryo,277,neoclassical
eco,273,neoclassical
meso,267,neoclassical
uni,259,neoclassical
epi,255,neoclassical
quasi,254,neoclassical
up,253,prefix
chemo,246,neoclassical
psycho,232,neoclassical
oligo,227,neoclassical
cyto,226,neoclassical
palaeo,217,neoclassical
exo,213,neoclassical
pan,205,neoclassical
phyto,201,neoclassical
for,188,prefix
phospho,185,neoclassical
penta,173,neoclassical
cardio,172,neoclassical
organo,172,neoclassical
allo,170,neoclassical
cross,167,prefix
myo,164,neoclassical
equi,161,neoclassical
magneto,158,neoclassical
thio,157,neoclassical
ethno,156,neoclassical
ortho,155,neoclassical
osteo,155,neoclassical
cyclo,152,neoclassical
infra,151,neoclassical
aero,146,neoclassical
circum,141,neoclassical
socio,138,neoclassical
sero,134,neoclassical
hexa,131,neoclassical
an,129,prefix
after,128,
xeno,128,neoclassical
zoo,127,neoclassical
fluoro,126,neoclassical
dys,124,neoclassical
stereo,122,neoclassical
glyco,119,neoclassical
eigen,116,neoclassical
techno,114,
mal,113,neoclassical
astro,110,neoclassical
holo,110,neoclassical
milli,108,neoclassical
lipo,108,neoclassical
pyro,107,neoclassical
im,107,prefix
oxy,107,neoclassical
down,106,
mechano,106,neoclassical
chloro,106,neoclassical
per,103,prefix
normo,103,neoclassical
hemo,102,neoclassical
Euro,101,
ecto,101,neoclassical
quadri,99,neoclassical
agro,99,neoclassical
eu,98,prefix
nitro,98,neoclassical
gastro,97,neoclassical
hepato,97,neoclassical
morpho,96,neoclassical
fibro,96,neoclassical
crypto,95,neoclassical
vaso,95,neoclassical
histo,94,neoclassical
con,91,prefix
metallo,90,neoclassical
angio,89,neoclassical
ferro,89,neoclassical
chrono,88,neoclassical
kilo,87,neoclassical
ex,87,prefix
deca,85,neoclassical
pharmaco,85,neoclassical
pico,83,neoclassical
apo,82,neoclassical
entero,82,neoclassical
halo,80,neoclassical
myco,79,neoclassical
bis,79,neoclassical
video,77,neoclassical
ante,76,neoclassical
hepta,76,neoclassical
nor,75,neoclassical
patho,75,neoclassical
arch,74,neoclassical
omni,72,neoclassical
onco,72,neoclassical
half,71,
amino,70,neoclassical
giga,69,neoclassical
gyro,69,neoclassical
naso,69,neoclassical
pluri,68,neoclassical
uro,67,neoclassical
hydroxy,66,neoclassical
bromo,66,neoclassical
osmo,65,neoclassical
dorso,65,neoclassical
contra,63,neoclassical
broncho,62,neoclassical
cortico,60,neoclassical
iodo,60,neoclassical
lympho,59,neoclassical
octa,59,neoclassical
tera,57,neoclassical
deoxy,57,neoclassical
cerebro,57,neoclassical
to,56,
syn,56,neoclassical
keto,56,neoclassical
ad,55,
ir,55,prefix
by,55,
acro,55,neoclassical
myelo,54,neoclassical
juxta,54,neoclassical
ab,53,neoclassical
femto,53,neoclassical
demi,53,neoclassical
were,53,
postero,53,neoclassical
archaeo,52,neoclassical
piezo,52,neoclassical
muco,52,neoclassical
grand,51,neoclassical
step,51,
antero,51,neoclassical
centi,50,neoclassical
back,50,
methyl,50,neoclassical
opto,49,neoclassical
chondro,49,neoclassical
oto,49,neoclassical
phylo,48,neoclassical
cis,48,neoclassical
oxo,48,neoclassical
off,47,
spectro,47,neoclassical
nephro,47,neoclassical
chromo,47,neoclassical
haemo,46,neoclassical
pedo,46,neoclassical
benzo,45,neoclassical
cranio,45,neoclassical
ventro,45,neoclassical
deci,44,neoclassical
on,44,
mer,44,
medio,44,neoclassical
petro,43,neoclassical
adeno,43,neoclassical
sialo,43,neoclassical
nucleo,42,neoclassical
gluco,42,neoclassical
sono,42,neoclassical
basi,42,neoclassical
fronto,42,neoclassical
leuco,41,neoclassical
sulfo,41,neoclassical
seleno,41,neoclassical
phono,41,neoclassical
em,40,
pneumo,40,neoclassical
oro,40,neoclassical
litho,40,neoclassical
geno,39,neoclassical
peta,39,neoclassical
atto,39,neoclassical
levo,39,neoclassical
cyano,39,neoclassical
haplo,39,neoclassical
erythro,39,neoclassical
oculo,39,neoclassical
latero,39,neoclassical
leuko,38,neoclassical
exa,37,neoclassical
sesqui,37,neoclassical
hemato,37,neoclassical
necro,37,neoclassical
aza,37,neoclassical
dia,36,neoclassical
ribo,36,neoclassical
dermato,36,neoclassical
somato,36,neoclassical
forth,36,
s,35,
physio,35,neoclassical
cysto,35,neoclassical
hecto,34,neoclassical
yotta,34,neoclassical
zetta,34,neoclassical
helio,34,neoclassical
amphi,34,neoclassical
anthropo,34,neoclassical
Afro,34,neoclassical
centro,34,neoclassical
disto,34,neoclassical
zepto,33,neoclassical
yocto,33,neoclassical
octo,33,neoclassical
dehydro,33,neoclassical
xylo,32,neoclassical
enantio,32,neoclassical
narco,31,neoclassical
thrombo,31,neoclassical
dendro,30,neoclassical
eka,30,neoclassical
aqua,30,neoclassical
baro,30,neoclassical
sur,29,neoclassical
ento,29,neoclassical
turbo,29,neoclassical
cervico,29,neoclassical
temporo,29,neoclassical
spiro,28,neoclassical
rhizo,28,neoclassical
clinico,28,neoclassical
elasto,28,neoclassical
tubulo,28,neoclassical
cosmo,27,neoclassical
pheno,27,neoclassical
kerato,27,neoclassical
robo,27,neoclassical
retino,27,neoclassical
mero,27,neoclassical
topo,27,neoclassical
galacto,27,neoclassical
proteo,27,neoclassical
nona,27,neoclassical
spino,27,neoclassical
ur,27,
at,27,
ichno,26,neoclassical
perma,26,neoclassical
anarcho,26,neoclassical
ambi,26,neoclassical
homeo,26,neoclassical
quinque,26,neoclassical
yester,25,neoclassical
xero,25,neoclassical
dextro,25,neoclassical
ovo,25,neoclassical
vibro,25,neoclassical
visuo,25,neoclassical
dex,25,neoclassical
dihydro,25,neoclassical
azo,24,neoclassical
ob,24,neoclassical
ferri,24,
musculo,24,neoclassical
cephalo,24,neoclassical
bacterio,24,neoclassical
y,24,
oxa,24,neoclassical
gravi,24,neoclassical
pharyngo,24,neoclassical
aceto,23,neoclassical
sulpho,23,neoclassical
brachy,23,neoclassical
sacro,23,neoclassical
rhino,23,neoclassical
copro,23,neoclassical
recto,23,neoclassical
caudo,23,neoclassical
where,22,
agri,22,neoclassical
audio,22,
dodeca,22,neoclassical
pauci,22,neoclassical
mito,22,neoclassical
cine,22,neoclassical
mesio,22,neoclassical
ichthyo,22,neoclassical
afore,21,neoclassical
gain,21,neoclassical
uber,21,
zygo,21,neoclassical
carbo,21,neoclassical
thyro,21,neoclassical
pleuro,21,neoclassical
andro,21,neoclassical
chlor,21,neoclassical
occipito,21,neoclassical
dermo,21,neoclassical
hypno,20,neoclassical
labio,20,neoclassical
athero,20,neoclassical
theo,20,neoclassical
boro,20,neoclassical
encephalo,20,neoclassical
lyso,20,neoclassical
reno,20,neoclassical
perfluoro,20,neoclassical
apico,20,neoclassical
great,19,neoclassical
new,19,neoclassical
duo,19,neoclassical
toxico,19,neoclassical
sclero,19,neoclassical
baso,19,neoclassical
laryngo,19,neoclassical
melano,19,neoclassical
xantho,19,neoclassical
karyo,19,neoclassical
costo,19,neoclassical
spheno,19,neoclassical
veno,19,neoclassical
with,18,
oo,18,
mon,18,neoclassical
twi,18,neoclassical
regio,18,neoclassical
colo,18,neoclassical
epoxy,18,neoclassical
bucco,18,neoclassical
infero,18,neoclassical
ileo,18,neoclassical
Mc,17,
Anglo,17,
clino,17,neoclassical
vice,17,neoclassical
quad,17,neoclassical
actino,17,neoclassical
rheo,17,neoclassical
adipo,17,neoclassical
biblio,17,neoclassical
silico,17,neoclassical
pubo,17,neoclassical
tribo,17,neoclassical
glio,17,neoclassical
viro,17,neoclassical
reticulo,17,neoclassical
chorio,17,neoclassical
entomo,17,neoclassical
proximo,17,neoclassical
vesico,17,neoclassical
um,17,neoclassical
roto,17,neoclassical
megalo,17,neoclassical
uretero,17,neoclassical
arthro,17,neoclassical
abdomino,16,neoclassical
arc,16,neoclassical
com,16,neoclassical
nether,16,neoclassical
sex,16,neoclassical
lacto,16,neoclassical
idio,16,neoclassical
ana,16,neoclassical
schizo,16,neoclassical
sarco,16,neoclassical
palato,16,neoclassical
utero,16,neoclassical
il,16,
cata,15,neoclassical
chemi,15,neoclassical
heli,15,neoclassical
ter,15,neoclassical
iatro,15,neoclassical
cupro,15,neoclassical
tracheo,15,neoclassical
deutero,15,neoclassical
glacio,15,neoclassical
lepto,15,neoclassical
supero,15,neoclassical
tecto,15,neoclassical
diplo,15,neoclassical
esophago,15,neoclassical
spondylo,15,neoclassical
Indo,14,
ker,14,neoclassical
arterio,14,neoclassical
ant,14,neoclassical
visco,14,neoclassical
benz,14,neoclassical
arseno,14,neoclassical
magnesio,14,neoclassical
viscero,14,neoclassical
spatio,14,neoclassical
feto,14,neoclassical
gero,14,neoclassical
aniso,14,neoclassical
archi,14,neoclassical
pent,14,neoclassical
sterno,14,neoclassical
ischio,14,neoclassical
rostro,14,neoclassical
medico,14,neoclassical
vestibulo,14,neoclassical
septo,14,neoclassical
odonto,14,neoclassical
she,13,
wan,13,
linguo,13,neoclassical
physico,13,neoclassical
matri,13,neoclassical
hex,13,neoclassical
ilio,13,neoclassical
adreno,13,neoclassical
haemato,13,neoclassical
undeca,13,neoclassical
orbito,13,neoclassical
parieto,13,neoclassical
phago,13,neoclassical
sphero,13,neoclassical
poro,13,neoclassical
thoraco,13,neoclassical
spleno,13,neoclassical
irido,13,neoclassical
tropho,13,neoclassical
plumbo,13,neoclassical
aorto,13,neoclassical
meningo,13,neoclassical
duodeno,13,neoclassical
chemico,13,neoclassical
patri,12,neoclassical
all,12,
tricho,12,neoclassical
telo,12,neoclassical
gyno,12,neoclassical
cholecysto,12,neoclassical
lexico,12,neoclassical
blasto,12,neoclassical
glycero,12,neoclassical
sympatho,12,neoclassical
brady,12,neoclassical
myxo,12,neoclassical
calcio,12,neoclassical
maxillo,12,neoclassical
ophthalmo,12,neoclassical
thanato,12,neoclassical
info,12,
vasculo,12,neoclassical
des,11,neoclassical
bathy,11,neoclassical
ventriculo,11,neoclassical
dolicho,11,neoclassical
mangano,11,neoclassical
terato,11,neoclassical
anhydro,11,neoclassical
azido,11,neoclassical
lumbo,11,neoclassical
tachy,11,neoclassical
ot,11,
urethro,11,neoclassical
tibio,11,neoclassical
archeo,11,neoclassical
fluo,11,neoclassical
politico,11,neoclassical
hyo,11,neoclassical
pyo,11,neoclassical
acetyl,11,neoclassical
nemato,11,neoclassical
vagino,11,neoclassical
calcaneo,11,neoclassical
synapto,11,neoclassical
colpo,11,neoclassical
genito,10,neoclassical
ac,10,
i,10,
philo,10,neoclassical
eury,10,
opistho,10,neoclassical
mytho,10,neoclassical
ergo,10,neoclassical
chole,10,neoclassical
Judeo,10,
acousto,10,neoclassical
desoxy,10,neoclassical
ano,10,neoclassical
excito,10,neoclassical
axo,10,neoclassical
peptido,10,neoclassical
vertebro,10,neoclassical
brachio,10,neoclassical
mercapto,10,neoclassical
chito,10,neoclassical
teleo,10,neoclassical
klepto,10,neoclassical
fluor,10,neoclassical
sulfa,10,neoclassical
zymo,10,neoclassical
humero,10,neoclassical
cerebello,10,neoclassical
echo,10,neoclassical
acido,10,neoclassical
hexadeca,9,neoclassical
dento,9,neoclassical
Islamo,9,
antho,9,neoclassical
race,9,
phyllo,9,neoclassical
hystero,9,neoclassical
psychro,9,neoclassical
he,9,
insta,9,
pachy,9,neoclassical
sino,9,neoclassical
ethmo,9,neoclassical
thalamo,9,neoclassical
onycho,9,neoclassical
dichloro,9,neoclassical
amnio,9,neoclassical
glomerulo,9,neoclassical
anthro,9,neoclassical
chryso,9,neoclassical
spermato,9,neoclassical
auriculo,9,neoclassical
geronto,9,neoclassical
musico,9,neoclassical
cilio,9,neoclassical
limno,9,neoclassical
zoö,8,
atrio,8,neoclassical
magnet,8,
religio,8,
gono,8,neoclassical
meio,8,neoclassical
flavo,8,neoclassical
J,8,
plano,8,neoclassical
oleo,8,neoclassical
scapulo,8,neoclassical
paedo,8,neoclassical
synchro,8,neoclassical
hygro,8,neoclassical
cholangio,8,neoclassical
tomo,8,neoclassical
trigemino,8,neoclassical
preter,8,neoclassical
methoxy,8,neoclassical
platy,8,neoclassical
glosso,8,neoclassical
galvano,8,neoclassical
enviro,8,neoclassical
pilo,8,neoclassical
pyelo,8,neoclassical
flexo,8,neoclassical
molybdo,8,neoclassical
techni,8,neoclassical
striato,8,neoclassical
natro,8,neoclassical
skeleto,8,neoclassical
dacryo,8,neoclassical
maxi,8,neoclassical
full,8,neoclassical
tympano,8,neoclassical
zygomatico,8,neoclassical
met,8,neoclassical
trideca,8,neoclassical
corneo,8,neoclassical
femoro,8,neoclassical
metro,8,neoclassical
phaco,8,neoclassical
pancreato,8,neoclassical
facio,8,neoclassical
alveolo,8,neoclassical
granulo,8,neoclassical
embryo,8,neoclassical
sapro,8,neoclassical
axio,8,neoclassical
tetrahydro,8,neoclassical
tetr,8,neoclassical
al,7,neoclassical
avi,7,neoclassical
Austro,7,
econo,7,neoclassical
osseo,7,neoclassical
V,7,
gameto,7,neoclassical
pene,7,neoclassical
logo,7,neoclassical
derma,7,neoclassical
quarter,7,neoclassical
strato,7,neoclassical
ar,7,neoclassical
oct,7,neoclassical
lev,7,neoclassical
Fitz,7,
gravito,7,neoclassical
amylo,7,neoclassical
fructo,7,neoclassical
calci,7,neoclassical
atropo,7,neoclassical
zinco,7,neoclassical
palyno,7,neoclassical
scoto,7,neoclassical
stylo,7,neoclassical
uveo,7,neoclassical
carcino,7,neoclassical
papulo,7,neoclassical
io,7,neoclassical
squamo,7,neoclassical
bulbo,7,neoclassical
thorough,7,neoclassical
bismuto,7,neoclassical
tris,7,neoclassical
laevo,7,neoclassical
porto,7,neoclassical
talo,7,neoclassical
pancreatico,7,neoclassical
speleo,7,neoclassical
demo,7,neoclassical
ovi,7,neoclassical
ulno,7,neoclassical
hydr,7,neoclassical
pallido,7,neoclassical
hind,7,
franken,6,
Inver,6,
ch,6,
alumino,6,neoclassical
steno,6,neoclassical
astragalo,6,neoclassical
phlebo,6,neoclassical
blepharo,6,neoclassical
servo,6,neoclassical
dorsi,6,neoclassical
even,6,neoclassical
semio,6,neoclassical
ever,6,neoclassical
bin,6,
ligno,6,neoclassical
allelo,6,neoclassical
Christo,6,
rhabdo,6,neoclassical
procto,6,neoclassical
rhamno,6,neoclassical
malto,6,neoclassical
ideo,6,neoclassical
gnatho,6,neoclassical
k,6,
twin,6,neoclassical
materno,6,neoclassical
tono,6,neoclassical
hadro,6,neoclassical
ptero,6,neoclassical
grapho,6,neoclassical
carpo,6,neoclassical
gonio,6,neoclassical
auxo,6,neoclassical
inguino,6,neoclassical
ali,6,neoclassical
nutri,6,neoclassical
centri,6,neoclassical
fluvio,6,neoclassical
thigmo,6,neoclassical
yttro,6,neoclassical
stibio,6,neoclassical
kineto,6,neoclassical
jejuno,6,neoclassical
vitreo,6,neoclassical
crico,6,neoclassical
lieno,6,neoclassical
podo,6,neoclassical
septi,6,neoclassical
plagio,6,neoclassical
mento,6,neoclassical
phyco,6,neoclassical
ganglio,6,neoclassical
onto,6,neoclassical
sinistro,6,neoclassical
tephro,6,neoclassical
cochleo,6,neoclassical
geniculo,6,neoclassical
capsulo,6,neoclassical
lyo,6,neoclassical
laparo,6,neoclassical
fem,6,neoclassical
tubo,6,neoclassical
velo,5,neoclassical
glotto,5,neoclassical
noto,5,neoclassical
Brit,5,
oxalo,5,neoclassical
wither,5,
ka,5,neoclassical
neur,5,
repro,5,neoclassical
quin,5,neoclassical
silvo,5,neoclassical
parvo,5,neoclassical
auro,5,neoclassical
chiro,5,neoclassical
dactylo,5,neoclassical
alpha,5,neoclassical
etio,5,neoclassical
Sino,5,neoclassical
hapto,5,neoclassical
fos,5,neoclassical
notho,5,neoclassical
thia,5,neoclassical
chylo,5,neoclassical
scapho,5,neoclassical
sym,5,neoclassical
thromb,5,neoclassical
fuco,5,neoclassical
manno,5,neoclassical
batho,5,neoclassical
hept,5,neoclassical
titano,5,neoclassical
sidero,5,neoclassical
naphtho,5,neoclassical
choledocho,5,neoclassical
masto,5,neoclassical
phragmo,5,neoclassical
amido,5,neoclassical
pterygo,5,neoclassical
thalasso,5,neoclassical
hem,5,neoclassical
trypano,5,neoclassical
atlanto,5,neoclassical
vulvo,5,neoclassical
astero,5,neoclassical
argento,5,neoclassical
oö,5,
tarso,5,neoclassical
sporo,5,neoclassical
saccharo,5,neoclassical
steato,5,neoclassical
tectono,5,neoclassical
malaco,5,neoclassical
iono,5,neoclassical
ammonio,5,neoclassical
caco,5,neoclassical
ornitho,5,neoclassical
carb,5,neoclassical
hiero,5,neoclassical
cono,5,neoclassical
cheiro,5,neoclassical
gingivo,5,neoclassical
ballisto,5,neoclassical
boreo,5,neoclassical
medullo,5,neoclassical
historico,5,neoclassical
noso,5,neoclassical
vegeto,5,neoclassical
phrenico,5,neoclassical
bilio,5,neoclassical
coraco,5,neoclassical
coelo,5,neoclassical
alco,5,neoclassical
climato,5,neoclassical
thymo,5,neoclassical
gonado,5,neoclassical
fibrino,5,neoclassical
nulli,5,neoclassical
spongio,5,neoclassical
nega,5,neoclassical
metabo,5,neoclassical
posterio,5,neoclassical
m,5,
prepro,5,neoclassical
anatomo,5,neoclassical
sialyl,5,neoclassical
pentadeca,5,neoclassical
tetradeca,5,neoclassical
carboxy,5,neoclassical
duodeca,5,neoclassical
meteoro,5,neoclassical
prot,4,neoclassical
or,4,
bryo,4,neoclassical
icosa,4,neoclassical
meth,4,neoclassical
amelo,4,neoclassical
arachno,4,neoclassical
Greco,4,
porta,4,neoclassical
plasto,4,neoclassical
bary,4,neoclassical
brevi,4,neoclassical
melo,4,neoclassical
aldo,4,neoclassical
haem,4,neoclassical
Franco,4,
panto,4,neoclassical
mandibulo,4,neoclassical
seismo,4,neoclassical
aut,4,neoclassical
spoligo,4,neoclassical
stauro,4,neoclassical
digi,4,neoclassical
picro,4,neoclassical
cavo,4,neoclassical
ventri,4,neoclassical
qu,4,neoclassical
papillo,4,neoclassical
strepto,4,neoclassical
tubero,4,neoclassical
olivo,4,neoclassical
Gallo,4,
nifur,4,neoclassical
balneo,4,neoclassical
pycno,4,neoclassical
cuneo,4,neoclassical
gravo,4,neoclassical
semper,4,neoclassical
herpeto,4,neoclassical
derm,4,neoclassical
gli,4,neoclassical
acromio,4,neoclassical
coeno,4,neoclassical
urano,4,neoclassical
ponto,4,neoclassical
algo,4,neoclassical
again,4,
rhodo,4,neoclassical
kine,4,neoclassical
protero,4,neoclassical
luteo,4,neoclassical
gymno,4,neoclassical
tropo,4,neoclassical
sacculo,4,neoclassical
septa,4,neoclassical
opsono,4,neoclassical
omo,4,neoclassical
vesiculo,4,neoclassical
cef,4,neoclassical
condylo,4,neoclassical
micto,4,neoclassical
zono,4,neoclassical
udi,4,neoclassical
splanchno,4,neoclassical
conico,4,neoclassical
rufo,4,neoclassical
olfacto,4,neoclassical
oeno,4,neoclassical
ent,4,
grammatico,4,neoclassical
anemo,4,neoclassical
pelvi,4,neoclassical
vago,4,neoclassical
aristo,4,neoclassical
chromato,4,neoclassical
antro,4,neoclassical
crystallo,4,neoclassical
dictyo,4,neoclassical
anxio,4,neoclassical
coxo,4,neoclassical
disco,4,neoclassical
anterio,4,neoclassical
imino,4,neoclassical
radiculo,4,neoclassical
proprio,4,neoclassical
branchio,4,neoclassical
planto,4,neoclassical
ludo,4,neoclassical
farado,4,neoclassical
tycho,4,neoclassical
loco,4,neoclassical
evapo,4,neoclassical
nitroso,4,neoclassical
triplo,4,neoclassical
ed,3,
myria,3,neoclassical
pari,3,neoclassical
vermi,3,neoclassical
palæo,3,neoclassical
hyp,3,neoclassical
xipho,3,neoclassical
hippo,3,neoclassical
salpingo,3,neoclassical
Ibero,3,
plani,3,neoclassical
trito,3,neoclassical
dino,3,neoclassical
my,3,
pisci,3,neoclassical
through,3,neoclassical
nemat,3,neoclassical
magno,3,neoclassical
actuo,3,neoclassical
acaro,3,neoclassical
quadrato,3,neoclassical
mela,3,neoclassical
tauto,3,neoclassical
asco,3,neoclassical
eroto,3,neoclassical
typo,3,neoclassical
bronchio,3,neoclassical
delto,3,neoclassical
es,3,neoclassical
peg,3,neoclassical
eno,3,neoclassical
is,3,neoclassical
stanno,3,neoclassical
sexi,3,neoclassical
K,3,
pyrano,3,neoclassical
peno,3,neoclassical
stomato,3,neoclassical
vari,3,neoclassical
denti,3,neoclassical
myrmeco,3,neoclassical
deka,3,neoclassical
psammo,3,neoclassical
chalco,3,neoclassical
strontio,3,neoclassical
bario,3,neoclassical
tartro,3,neoclassical
deuto,3,neoclassical
omphalo,3,neoclassical
calcareo,3,neoclassical
acino,3,neoclassical
anatomico,3,neoclassical
spermo,3,neoclassical
soleno,3,neoclassical
tungsto,3,neoclassical
phreno,3,neoclassical
cerato,3,neoclassical
pheo,3,neoclassical
plesio,3,neoclassical
pyloro,3,neoclassical
acantho,3,neoclassical
genio,3,neoclassical
konio,3,neoclassical
hypothalamo,3,neoclassical
epithelio,3,neoclassical
dideoxy,3,neoclassical
giganto,3,neoclassical
amygdalo,3,neoclassical
hepatico,3,neoclassical
vomero,3,neoclassical
anthraco,3,neoclassical
ennea,3,neoclassical
menisco,3,neoclassical
ulcero,3,neoclassical
monarcho,3,neoclassical
octadeca,3,neoclassical
colono,3,neoclassical
metabolo,3,neoclassical
photoelectro,3,neoclassical
bora,3,neoclassical
ego,3,neoclassical
annulo,3,neoclassical
arteriolo,3,neoclassical
extero,3,neoclassical
sphingo,3,neoclassical
estro,3,neoclassical
mammillo,3,neoclassical
circa,3,neoclassical
umbilico,3,neoclassical
pseud,3,neoclassical
juridico,3,neoclassical
lepido,3,neoclassical
logico,3,neoclassical
arabino,3,neoclassical
patro,3,neoclassical
dendrito,3,neoclassical
ferto,3,neoclassical
lamino,3,neoclassical
occluso,3,neoclassical
oxido,3,neoclassical
inflammo,3,neoclassical
furano,3,neoclassical
incudo,3,neoclassical
archae,3,neoclassical
neutro,3,neoclassical
afro,3,
curvi,3,neoclassical
acoustico,3,neoclassical
wh,3,neoclassical
Serbo,2,
gibi,2,neoclassical
sphygm,2,neoclassical
mebi,2,neoclassical
kibi,2,neoclassical
tebi,2,neoclassical
Finno,2,
sperma,2,neoclassical
xanth,2,neoclassical
phil,2,neoclassical
ipsi,2,neoclassical
Hiberno,2,neoclassical
anthra,2,neoclassical
psychoto,2,neoclassical
ptilo,2,neoclassical
sito,2,neoclassical
gamo,2,neoclassical
hylo,2,neoclassical
Russo,2,
therm,2,neoclassical
nonadeca,2,neoclassical
phallo,2,neoclassical
telluro,2,neoclassical
platino,2,neoclassical
La,2,
Latino,2,
Daco,2,
hyalo,2,neoclassical
Istro,2,neoclassical
leio,2,neoclassical
teno,2,neoclassical
phaeo,2,neoclassical
basidio,2,neoclassical
pebi,2,neoclassical
myringo,2,neoclassical
choano,2,neoclassical
sexuo,2,neoclassical
hexo,2,neoclassical
glutar,2,neoclassical
Croato,2,
Balto,2,
deuter,2,neoclassical
mnemo,2,neoclassical
culturo,2,neoclassical
yobi,2,neoclassical
zebi,2,neoclassical
angusti,2,neoclassical
cheilo,2,neoclassical
phosphoro,2,neoclassical
schm,2,neoclassical
tert,2,neoclassical
masso,2,neoclassical
infundibulo,2,neoclassical
oesophago,2,neoclassical
cen,2,neoclassical
cholyl,2,neoclassical
kerauno,2,neoclassical
ven,2,neoclassical
perineo,2,neoclassical
ec,2,neoclassical
Judaeo,2,neoclassical
foeto,2,neoclassical
antiferro,2,neoclassical
carba,2,neoclassical
rutheno,2,neoclassical
hendeca,2,neoclassical
cleido,2,neoclassical
baryo,2,neoclassical
tetrakis,2,neoclassical
aetio,2,neoclassical
octavo,2,neoclassical
gleno,2,neoclassical
optico,2,neoclassical
potentio,2,neoclassical
urino,2,neoclassical
sinistr,2,neoclassical
coen,2,neoclassical
xyl,2,neoclassical
zirco,2,neoclassical
clitoro,2,neoclassical
ampho,2,neoclassical
niobo,2,neoclassical
sulf,2,neoclassical
recti,2,neoclassical
purpureo,2,neoclassical
pneumato,2,neoclassical
sept,2,neoclassical
jugulo,2,neoclassical
sulph,2,neoclassical
trocho,2,neoclassical
membrano,2,neoclassical
intro,2,neoclassical
sexa,2,neoclassical
prae,2,neoclassical
pharma,2,neoclassical
oneiro,2,neoclassical
heptadeca,2,neoclassical
sursum,2,neoclassical
deorsum,2,neoclassical
chlamydo,2,neoclassical
vin,2,neoclassical
Thraco,2,neoclassical
Graeco,2,neoclassical
poikilo,2,neoclassical
metatarso,2,neoclassical
cantho,2,neoclassical
hagio,2,neoclassical
axillo,2,neoclassical
porno,2,
cylindro,2,neoclassical
desmo,2,neoclassical
hect,2,neoclassical
μ,2,
nevo,2,neoclassical
choroido,2,neoclassical
distalo,2,neoclassical
naviculo,2,neoclassical
aortico,2,neoclassical
ampelo,2,neoclassical
bel,2,
conservo,2,neoclassical
helico,2,neoclassical
kinesi,2,neoclassical
gyne,2,neoclassical
gon,2,
pulso,2,neoclassical
analgo,2,neoclassical
sapheno,2,neoclassical
oxaza,2,neoclassical
lymphatico,2,neoclassical
perio,2,neoclassical
echino,2,neoclassical
Hispano,2,
periodonto,2,neoclassical
lenticulo,2,neoclassical
colliculo,2,neoclassical
utriculo,2,neoclassical
obliquo,2,neoclassical
Dano,2,neoclassical
operculo,2,neoclassical
miso,2,neoclassical
cingulo,2,neoclassical
ostreo,2,neoclassical
vitro,2,neoclassical
areo,2,neoclassical
historio,2,neoclassical
ephebo,2,neoclassical
nodo,2,neoclassical
Illyro,2,neoclassical
seco,2,neoclassical
allanto,2,neoclassical
alveo,2,neoclassical
ankylo,2,neoclassical
Romano,2,neoclassical
carotico,2,neoclassical
conjunctivo,2,neoclassical
dentino,2,neoclassical
embolo,2,neoclassical
erythemato,2,neoclassical
primo,2,neoclassical
prefronto,2,neoclassical
tuberculo,2,neoclassical
valvulo,2,neoclassical
palmaro,2,neoclassical
primi,2,neoclassical
intermedio,2,neoclassical
bracteo,2,neoclassical
antenno,2,neoclassical
mammo,2,neoclassical
angulo,2,neoclassical
presby,2,neoclassical
naturo,2,neoclassical
gyneco,2,neoclassical
sensori,2,neoclassical
ombro,2,neoclassical
pericardio,2,neoclassical
nekto,2,neoclassical
toxo,2,neoclassical
foveo,2,neoclassical
respiro,2,neoclassical
ictero,2,neoclassical
maculo,2,neoclassical
capno,2,neoclassical
acu,2,neoclassical
pluvio,2,neoclassical
asialo,2,neoclassical
methano,2,neoclassical
sinu,2,neoclassical
hippocampo,2,neoclassical
chao,2,neoclassical
ocello,2,neoclassical
cancero,2,neoclassical
tapho,2,neoclassical
tergo,2,neoclassical
climo,2,neoclassical
aft,2,neoclassical
stibo,2,neoclassical
tany,2,neoclassical
phanero,2,neoclassical
taxono,2,neoclassical
sexo,2,neoclassical
meteo,2,neoclassical
rhombi,2,neoclassical
glucosyl,2,neoclassical
kino,2,neoclassical
adelpho,2,neoclassical
loki,2,neoclassical
carto,2,neoclassical
phospha,2,neoclassical
seno,2,neoclassical
flexi,2,neoclassical
anglo,2,
euro,2,
succinyl,2,neoclassical
to#Etymology_2,1,
tessara,1,neoclassical
ful,1,neoclassical
nocti,1,neoclassical
astheno,1,neoclassical
umb,1,neoclassical
deipno,1,neoclassical
extro,1,neoclassical
Syro,1,neoclassical
viginti,1,neoclassical
nomino,1,neoclassical
and,1,
xiphidio,1,neoclassical
germano,1,neoclassical
butyro,1,neoclassical
cero,1,neoclassical
taut,1,neoclassical
glycosamino,1,neoclassical
ino,1,neoclassical
chion,1,neoclassical
Arcado,1,neoclassical
Luso,1,neoclassical
vacci,1,neoclassical
olan,1,neoclassical
o,1,
Macedo,1,neoclassical
baculo,1,neoclassical
formo,1,neoclassical
war,1,
lact,1,neoclassical
gluta,1,neoclassical
hepto,1,neoclassical
pento,1,neoclassical
hypso,1,neoclassical
unfeigned,1,neoclassical
az,1,neoclassical
hipp,1,neoclassical
Uto,1,neoclassical
deaza,1,neoclassical
arte,1,neoclassical
acanth,1,neoclassical
nido,1,neoclassical
Malayo,1,neoclassical
baryto,1,neoclassical
exbi,1,neoclassical
meco,1,neoclassical
aesthesio,1,neoclassical
asparto,1,neoclassical
staphylo,1,neoclassical
propy,1,neoclassical
homœ,1,neoclassical
cumulo,1,neoclassical
milna,1,neoclassical
ond,1,neoclassical
repa,1,neoclassical
nate,1,neoclassical
pentakis,1,neoclassical
equ,1,neoclassical
creno,1,neoclassical
zo,1,neoclassical
cerio,1,neoclassical
hexakis,1,neoclassical
perchloro,1,neoclassical
stygo,1,neoclassical
contro,1,neoclassical
patello,1,neoclassical
trit,1,neoclassical
auri,1,neoclassical
stato,1,neoclassical
hoplo,1,neoclassical
Tibeto,1,neoclassical
magni,1,neoclassical
Nilo,1,neoclassical
enna,1,neoclassical
Celto,1,neoclassical
n,1,
gynæco,1,neoclassical
clado,1,neoclassical
palae,1,neoclassical
pæd,1,neoclassical
pædo,1,neoclassical
xyr,1,neoclassical
here,1,neoclassical
Cambro,1,neoclassical
pallado,1,neoclassical
uran,1,neoclassical
vanado,1,neoclassical
vanadio,1,neoclassical
lithio,1,neoclassical
scandio,1,neoclassical
cor,1,neoclassical
typho,1,neoclassical
nervo,1,neoclassical
enter,1,neoclassical
gloss,1,neoclassical
mechanico,1,neoclassical
gab,1,neoclassical
mes,1,neoclassical
axono,1,neoclassical
praseo,1,neoclassical
ureo,1,neoclassical
pluto,1,neoclassical
spondyl,1,neoclassical
succin,1,neoclassical
haema,1,neoclassical
meno,1,neoclassical
Moeso,1,neoclassical
decidual,1,neoclassical
brom,1,neoclassical
iod,1,neoclassical
epta,1,neoclassical
ene,1,neoclassical
dalt,1,neoclassical
metho,1,neoclassical
Italo,1,
Helleno,1,
Fenno,1,
sal,1,neoclassical
thi,1,neoclassical
bentho,1,neoclassical
oryzo,1,neoclassical
salazo,1,neoclassical
nitr,1,neoclassical
cyan,1,neoclassical
calori,1,neoclassical
rumino,1,neoclassical
skoto,1,neoclassical
quadro,1,neoclassical
apeiro,1,neoclassical
physi,1,neoclassical
imido,1,neoclassical
cubo,1,neoclassical
ʟ,1,
picto,1,neoclassical
magico,1,neoclassical
muci,1,neoclassical
transitive,1,neoclassical
bronto,1,neoclassical
moto,1,neoclassical
psych,1,neoclassical
frigo,1,neoclassical
über,1,
thallo,1,neoclassical
rhyncho,1,neoclassical
Zio,1,
centralo,1,neoclassical
choro,1,neoclassical
lingua,1,neoclassical
ovulo,1,neoclassical
Yugo,1,
Palaeo,1,neoclassical
cobalto,1,neoclassical
decentralise,1,
Brito,1,
equina,1,neoclassical
parvi,1,neoclassical
accelero,1,neoclassical
un#Etymology_2,1,
vitello,1,neoclassical
heredo,1,neoclassical
tapeto,1,neoclassical
tendino,1,neoclassical
histio,1,neoclassical
lign,1,neoclassical
diphthero,1,neoclassical
longi,1,neoclassical
stromo,1,neoclassical
tonsillo,1,neoclassical
malario,1,neoclassical
sympathico,1,
scuto,1,neoclassical
valvo,1,neoclassical
phoro,1,neoclassical
semanto,1,neoclassical
kerat,1,neoclassical
dynamo,1,neoclassical
pleo,1,neoclassical
countertextual,1,
ossi,1,neoclassical
fissi,1,neoclassical
plumo,1,neoclassical
etho,1,neoclassical
mesangio,1,neoclassical
diathermo,1,neoclassical
fascio,1,neoclassical
cholo,1,neoclassical
pyrrolo,1,neoclassical
diffeo,1,neoclassical
fungi,1,neoclassical
men,1,
epididymo,1,neoclassical
metalla,1,neoclassical
kata,1,neoclassical
hectokilo,1,neoclassical
t,1,
contacto,1,neoclassical
therio,1,neoclassical
capitulo,1,neoclassical
lacrimo,1,neoclassical
Hurro,1,neoclassical
clito,1,neoclassical
hyps,1,neoclassical
amato,1,neoclassical
fasciculo,1,neoclassical
cutaneo,1,neoclassical
pinko,1,neoclassical
intestino,1,neoclassical
gluteo,1,neoclassical
ophio,1,neoclassical
potamo,1,neoclassical
Bat,1,
seismi,1,neoclassical
acr,1,
affecto,1,neoclassical
appendico,1,neoclassical
atlo,1,neoclassical
calco,1,neoclassical
calloso,1,neoclassical
cemento,1,neoclassical
clavi,1,neoclassical
elastico,1,neoclassical
allato,1,neoclassical
folliculo,1,neoclassical
laeo,1,neoclassical
entorhino,1,neoclassical
balano,1,neoclassical
cruro,1,neoclassical
ceco,1,neoclassical
pineo,1,neoclassical
mamillo,1,neoclassical
diencephalo,1,neoclassical
mammilo,1,neoclassical
rubro,1,neoclassical
germo,1,neoclassical
squamoso,1,neoclassical
docosa,1,neoclassical
allergo,1,neoclassical
agno,1,neoclassical
cello,1,neoclassical
fumi,1,neoclassical
attico,1,neoclassical
supre,1,neoclassical
arcto,1,neoclassical
dentalo,1,neoclassical
iliaco,1,neoclassical
caseo,1,neoclassical
oophoro,1,neoclassical
celiaco,1,neoclassical
ona,1,neoclassical
clono,1,neoclassical
stoichio,1,neoclassical
syllecto,1,neoclassical
chimero,1,neoclassical
cyrto,1,neoclassical
eicosa,1,neoclassical
haptico,1,neoclassical
teleio,1,neoclassical
ellipto,1,neoclassical
reni,1,neoclassical
articulo,1,neoclassical
coeruleo,1,neoclassical
corono,1,neoclassical
phobo,1,neoclassical
galvo,1,neoclassical
dromo,1,neoclassical
crio,1,neoclassical
trabeculo,1,neoclassical
intesto,1,neoclassical
tendo,1,neoclassical
peroxy,1,neoclassical
pleni,1,neoclassical
indeno,1,neoclassical
api,1,neoclassical
otico,1,neoclassical
capito,1,neoclassical
pudendo,1,neoclassical
cario,1,neoclassical
ostio,1,neoclassical
plexo,1,neoclassical
zygoto,1,neoclassical
silvi,1,neoclassical
bacillo,1,neoclassical
eleuthero,1,neoclassical
palmo,1,neoclassical
hydrido,1,neoclassical
stathmo,1,neoclassical
grano,1,neoclassical
lumino,1,neoclassical
ramo,1,neoclassical
chordo,1,neoclassical
popliteo,1,neoclassical
ribonucleo,1,neoclassical
campylo,1,neoclassical
caulo,1,neoclassical
tyro,1,neoclassical
rifa,1,neoclassical
hodo,1,neoclassical
dieto,1,neoclassical
areolo,1,neoclassical
rugulo,1,neoclassical
prostato,1,neoclassical
rugo,1,neoclassical
solvo,1,neoclassical
ducto,1,neoclassical
proso,1,neoclassical
oscillo,1,neoclassical
trapezio,1,neoclassical
un#Etymology_1,1,
histolo,1,neoclassical
volcano,1,neoclassical
canalo,1,neoclassical
externo,1,neoclassical
plantaro,1,neoclassical
uvulo,1,neoclassical
limbo,1,neoclassical
densito,1,neoclassical
acetabulo,1,neoclassical
mixo,1,neoclassical
pelago,1,neoclassical
causto,1,neoclassical
synovio,1,neoclassical
altero,1,neoclassical
cribro,1,neoclassical
pesca,1,neoclassical
archæo,1,neoclassical
pulpo,1,neoclassical
basio,1,neoclassical
ophidio,1,neoclassical
insulo,1,neoclassical
labro,1,neoclassical
staturo,1,neoclassical
epilepto,1,neoclassical
interio,1,neoclassical
quadra,1,neoclassical
septico,1,neoclassical
parotideo,1,neoclassical
tetracosa,1,neoclassical
midi,1,neoclassical
taxo,1,neoclassical
&amp;beta;,1,
lachrymo,1,neoclassical
Cypro,1,
dual,1,neoclassical
lith,1,neoclassical
plasmo,1,neoclassical
pepto,1,neoclassical
hella,1,neoclassical
nigro,1,neoclassical
pelagi,1,neoclassical
intradermo,1,neoclassical
endocrino,1,neoclassical
tango,1,neoclassical
fabello,1,neoclassical
nomo,1,neoclassical
interno,1,neoclassical
pulmo,1,neoclassical
sinuso,1,neoclassical
kalo,1,neoclassical
genu,1,neoclassical
gephyro,1,neoclassical
sulco,1,neoclassical
viri,1,neoclassical
coli,1,neoclassical
omento,1,neoclassical
mamma,1,neoclassical
coronaro,1,neoclassical
meibo,1,neoclassical
pupillo,1,neoclassical
Turco,1,
zyme,1,neoclassical
παρά,1,
u,1,
coni,1,neoclassical
nycto,1,neoclassical
